{"cameraMode":{"drawMode":0,"name":"Shaded","section":"Shading Mode"},"sceneLighting":true,"audioPlay":false,"sceneViewState":{"m_AlwaysRefresh":false,"showFog":true,"showSkybox":false,"showFlares":true,"showImageEffects":true,"showParticleSystems":true,"showVisualEffectGraphs":true,"m_FxEnabled":true},"in2DMode":false,"pivot":{"x":-0.559999942779541,"y":1.3919999599456788,"z":0.39999985694885256},"rotation":{"x":0.038237325847148898,"y":0.9556939005851746,"z":-0.14385013282299043,"w":0.2540251314640045},"size":2.0220072269439699,"orthographic":false}